<mujoco model="ur5gripper">
    <compiler angle="radian"
              inertiafromgeom="true"
              texturedir="textures/"
              meshdir="mesh/"/>
    <option timestep="2e-3"
            iterations="10"
            tolerance="1e-10"
            impratio="20"/>
    <size njmax="600" nconmax="150" nstack="300000"/>

    <default>
        <site rgba="0.8 0.6 0.7 0.3" type="ellipsoid" group="3"/>
        <geom contype='1' conaffinity='1' condim='4' solref=".01 1" solimp=".99 .99 .01"/>
        <joint armature="0.01" damping=".1"/>
        <default class="UR5">
            <joint damping='65'/>
        </default>
        <default class="UR5e">
            <joint damping='45'/>
        </default>
    </default>

    <visual>
        <map fogstart="3" fogend="5" znear="0.05"/>
        <quality shadowsize="2048"/>
    </visual>

    <!--Assets-->
    <asset>
        <!--Meshes-->
        <mesh name="base" file="base.stl"/>
        <mesh name="shoulder" file="shoulder.stl"/>
        <mesh name="upperarm" file="upperarm.stl"/>
        <mesh name="forearm" file="forearm.stl"/>
        <mesh name="wrist1" file="wrist1.stl"/>
        <mesh name="wrist2" file="wrist2.stl"/>
        <mesh name="wrist3" file="wrist3.stl"/>
        <mesh name="link_0" file="link_0.STL"/>
        <mesh name="link_1" file="link_1.STL"/>
        <mesh name="link_2" file="link_2.STL"/>
        <mesh name="link_3" file="link_3.STL"/>
        <mesh name="phone" file="phone_shell.STL"/>
        <mesh name="FPC" file="FPC.STL"/>
        <mesh name="sucker" file="sucker.STL" scale="0.5 0.5 0.5"/>

        <!--Textures-->
        <texture name="ur5_tex" type="2d" builtin="flat" height="32" width="32" rgb1="0.45 0.45 0.45"/>
        <texture name="bench_tex" type="2d" builtin="flat" height="32" width="32" rgb1="0.7 0.7 0.7"/>
        <texture name="sky_tex" type="skybox" builtin="gradient" width="100" height="100" rgb1="1 1 1"
                 rgb2="0.3 0.3 0.8"/>
        <texture name="texgeom" type="cube" builtin="flat" mark="cross" width="127" height="1278" rgb1="0.8 0.6 0.4"
                 rgb2="0.8 0.6 0.4" markrgb="1 1 1" random="0.01"/>
        <texture name="floor_tex" type="2d" builtin="checker" rgb1=".2 .3 .4" rgb2=".1 .2 .3" width="100" height="100"/>
        <texture name="wood" type="cube" file="wood2.png"/>
        <texture name="metal" type="cube" file="metal2.png"/>
        <!--Materials-->
        <material name="ur5_mat" texture="ur5_tex" shininess="0.9" specular="0.75" reflectance="0.3"/>
        <material name='floor_mat' texture="floor_tex" shininess="0.8" texrepeat="10 10" specular="0.7"
                  reflectance="0.5"/>
        <material name='geom' texture="texgeom" texuniform="true"/>
        <material name="bench_mat" texture="metal" shininess="0.1" specular="0.5" reflectance="0.2"/>
        <material name="tablecube" texture="wood" rgba=".8 .8 .8 1"/>
    </asset>

    <!--Contacts-->
    <contact>
        <exclude body1="box_link" body2="base_link"/>
        <exclude body1="base_link" body2="shoulder_link"/>
        <exclude body1="shoulder_link" body2="upper_arm_link"/>
        <exclude body1="upper_arm_link" body2="forearm_link"/>
        <exclude body1="forearm_link" body2="wrist_1_link"/>
        <exclude body1="wrist_1_link" body2="wrist_2_link"/>
        <exclude body1="wrist_2_link" body2="wrist_3_link"/>
        <exclude body1="ee_link" body2="wrist_3_link"/>
        <exclude body1="sucker" body2="ee_link"/>
    </contact>

    <!--MODEL DESCRIPTION-->
    <worldbody>
        <!--Lighting parameters-->
        <light name="light3" mode="targetbody" target="box_link" directional="true" pos="1 1 3" castshadow="false"/>
        <!--Floor Property-->
        <geom name='floor' material="floor_mat" pos='0 0 0' size='2.5 2.5 0.1'  type='plane' />

        <body name="box_link" pos="0.55 0 0.435" euler="0 0 1.57">
            <!--<geom size=".3 .2 .435" type="box" material="bench_mat"/>-->
            <geom size=".29 .19 .03" pos ="0 0 0.4" type="box" material="bench_mat" margin="0.01" />
            <geom size=".29 .19 .03" pos ="0 0 -0.2" type="box" material="bench_mat" margin="0.01" />
            <geom size=".04 .04 .435" pos =".26 .16 0" type="box" material="bench_mat" margin="0.01" />
            <geom size=".04 .04 .435" pos ="-.26 .16 0" type="box" material="bench_mat" margin="0.01" />
            <geom size=".04 .04 .435" pos =".26 -.16 0" type="box" material="bench_mat" margin="0.01" />
            <geom size=".04 .04 .435" pos ="-.26 -.16 0" type="box" material="bench_mat" margin="0.01" />
            <inertial pos="0 0 0" mass="1000" diaginertia="0 0 0" />
        </body>

        <!--phone_shell-->
        <body name="phone" pos="0.55 -0.1 0.87">
            <geom name="phone" type="mesh" mesh="phone" euler="1.57 1.57 0" rgba="1 1 1 1" contype='0' conaffinity='0'/>
        </body>
        <body name="FPC" pos="0.55 0.1 0.87">
            <geom name="fpc" type="mesh" mesh="FPC" euler="0 0 1.57" rgba="1 0.6 0 1" margin="0.00" mass="0.001"/>
            <joint type="free"/>
        </body>
        <!--Robot UR5-->
        <body name="box_link1" pos="0 0 0.435" euler="0 0 1.57">
            <!--<geom size=".3 .2 .435" type="box" material="bench_mat"/>-->
            <geom size=".29 .19 .03" pos="0 0 0.4" type="box" material="bench_mat" margin="0.01" />
            <geom size=".29 .19 .03" pos="0 0 -0.2" type="box" material="bench_mat" margin="0.01" />
            <geom size=".04 .04 .435" pos=".26 .16 0" type="box" material="bench_mat" margin="0.01" />
            <geom size=".04 .04 .435" pos="-.26 .16 0" type="box" material="bench_mat" margin="0.01" />
            <geom size=".04 .04 .435" pos=".26 -.16 0" type="box" material="bench_mat" margin="0.01" />
            <geom size=".04 .04 .435" pos="-.26 -.16 0" type="box" material="bench_mat" margin="0.01" />
            <inertial pos="0 0 0" mass="1000" diaginertia="0 0 0"/>
        </body>

            <body name="base_link" pos="0 0 0.87">
                <inertial pos="0 0 0" quat="0.5 0.5 -0.5 0.5" mass="4" diaginertia="0.0072 0.00443333 0.00443333"/>
                <geom type="mesh" mesh="base" material="ur5_mat"/>
                <body name="shoulder_link" pos="0 0 0.089159">
                    <inertial pos="0 0 0" mass="3.7" diaginertia="0.0102675 0.0102675 0.00666"/>
                    <joint name="shoulder_pan_joint" class="UR5" pos="0 0 0" axis="0 0 1" limited="true" range="-0.6 0.6"/>
                    <geom type="mesh" mesh="shoulder" material="ur5_mat"/>
                    <body name="upper_arm_link" pos="0 0.13585 0" euler="0 0.5 0">
                        <inertial pos="0 0 0.28" mass="8.393" diaginertia="0.226891 0.226891 0.0151074"/>
                        <joint name="shoulder_lift_joint" class="UR5" pos="0 0 0" axis="0 1 0" limited="true"
                               range="-0.15 0.15"/> <!--Range= -3.14159 3.14159-->
                        <geom type="mesh" mesh="upperarm" material="ur5_mat"/>
                        <body name="forearm_link" pos="0 -0.1197 0.425" euler="0 1.9 0">
                            <inertial pos="0 0 0.25" mass="2.275" diaginertia="0.0494433 0.0494433 0.004095"/>
                            <joint name="elbow_joint" class="UR5" pos="0 0 0" axis="0 1 0" limited="true" range="-0.3 0.3"/>
                            <geom type="mesh" mesh="forearm" material="ur5_mat"/>
                            <body name="wrist_1_link" pos="0 0 0.39225" euler="0 -0.8 0">
                                <inertial pos="0 0 0" quat="0.5 0.5 -0.5 0.5" mass="1.219"
                                          diaginertia="0.21942 0.111173 0.111173"/>
                                <joint name="wrist_1_joint" class="UR5e" pos="0 0 0" axis="0 1 0" limited="true" range="-0.3 0.3"/>
                                <geom type="mesh" mesh="wrist1" material="ur5_mat"/>
                                <body name="wrist_2_link" pos="0 0.093 0" euler="0 0 -1.57" >
                                    <inertial pos="0 0 0" quat="0.5 0.5 -0.5 0.5" mass="1.219"
                                              diaginertia="0.21942 0.111173 0.111173"/>
                                    <joint name="wrist_2_joint" class="UR5e" pos="0 0 0" axis="0 0 1" limited="true"
                                           range="-0.3 0.3"/>
                                    <geom type="mesh" mesh="wrist2" material="ur5_mat" euler="0 0 0"/>
                                    <body name="wrist_3_link" pos="0 0 0.09465">
                                        <inertial pos="0 0 0" quat="0.5 0.5 -0.5 0.5" mass="0.1879"
                                                  diaginertia="0.033822 0.0171365 0.0171365"/>
                                        <joint name="wrist_3_joint" class="UR5e" pos="0 0 0" axis="0 1 0" limited="true"
                                               range="-3.14 3.14"/>
                                        <geom type="mesh" mesh="wrist3" material="ur5_mat"/>
                                        <body name="ee_link" pos="0 0.0823 0" quat="0.707107 0 0 0.707107">
                                            <inertial pos="-0.01 0 0" mass="0.001"
                                                      diaginertia="1.66667e-08 1.66667e-08 1.66667e-08"/>
                                            <geom name="ee_link" size="0.005 0.005 0.005" pos="-0.01 0 0" type="box"/>
                                            <body name="sucker" pos="0 0.0823 0">
                                                <geom name="sucker" type="mesh" mesh="sucker" pos="-0.095 -0.17 0.125"
                                                      euler="0 0 1.57" rgba="0 0 0 1" />
                                        </body>
                                    </body>
                                </body>
                            </body>
                        </body>
                    </body>
                </body>
            </body>
        </body>
    </worldbody>

    <!--ACTUATORS-->
    <actuator>
        <position name='shoulder_pan' ctrllimited="true" ctrlrange="-0.6 0.6" joint='shoulder_pan_joint' kp="500"/>
        <position name='shoulder_lift' ctrllimited="true" ctrlrange="-0.15 0.15" joint='shoulder_lift_joint' kp="500"/>
        <position name='forearm' ctrllimited="true" ctrlrange="-0.3 0.3" joint='elbow_joint' kp="500"/>
        <position name='wrist_1' ctrllimited="true" ctrlrange="-0.3 0.3" joint='wrist_1_joint' kp="100"/>
        <position name='wrist_2' ctrllimited="true" ctrlrange="-0.3 0.3" joint='wrist_2_joint' kp="100"/>
        <position name='wrist_3' ctrllimited="true" ctrlrange="-3.14 3.14" joint='wrist_3_joint' kp="100"/>
        <adhesion name="adhere_sucker" body="sucker" ctrlrange="0 1" gain="30"/>
    </actuator>
</mujoco>
